video_id,date,title,transcript,clean_text,views,likes,comments,shares,saves,duration,word_count,year,month,quarter,engagement,engagement_rate_%,like_rate_%,views_per_sec,pos_words,neg_words,polarity,sentiment,emotion
7098684490662432005,2022-05-17,Ευχαριστούμε τον κ. Τσίπρα για την υπενθύμιση. #fyp #tiktokgreece,"Είδα τον κύριο Τσίπρα να απευθύνεται σε κάποια κυρία, σε μια πελωδία την οποία έκανε στη Θεσσαλονίκη και της είπε «σύριζα θα λέτε και θα κλαίτε». Πράγματι, πράγματι. Έκλεγαν οι συνταξιούς οι το 2015 έξω από τα ATM και ευχαριστούμε τον κύριο Τσίπρα, που σε κάθε ευκαιρία μας θυμίζει τη χειρότερη κυβέρνηση που είχε η χώρα από τη μεταπολίτευση και μετά.",ειδα κυρι τσιπρ απευθυνετα κυρι πελωδι εκαν θεσσαλονικ συριζ λετε κλαιτ πραγματ πραγματ εκλεγ συνταξι atm ευχαριστ κυρι τσιπρ ευκαιρι θυμιζε χειροτερ κυβερνησ χωρα μεταπολιτευσ,79400,2460,150,90,134,34,61,2022,5,2022Q2,2834,3.569,3.098,2335.3,1,0,1.0,positive,ουδέτερο
7098752669308685574,2022-05-17,Το ψηφιακό κράτος μεταμορφώνει την καθημερινότητα του πολίτη στην πρά...,"Το επιτελικό κράτος σημαίνει ψηφιακό κράτος. Σημειώνω ότι μέσα σε μόλις ένα έτος έγιναν 567 εκατομμύρια ηλεκτρονικές συναλλαγές. Βλητώσαμε 40 εκατομμύρια ώρες ταλαιπωρίας των πολιτών. Έχω στη διάθεσή τους 1.378 για την ακρίβεια ψηφιακές υπηρεσίες. Με μία απλή εξειοδότηση που τόσο μας ταλαιπωρούσε, μέχρι την τόσο σημαντική άλληλη σταγράφηση.",επιτελικ κρατ σημαινε ψηφιακ κρατ σημειων ετος εγιν εκατομμυρι ηλεκτρονικ συναλλαγ βλητωσαμ εκατομμυρι ωρες ταλαιπωρ πολιτ διαθεσ ακριβει ψηφιακ υπηρεσ απλη εξειοδοτησ ταλαιπωρουσ σημαντικ αλληλ σταγραφησ,57200,1448,40,15,40,37,49,2022,5,2022Q2,1543,2.698,2.531,1545.9,0,1,-1.0,negative,ουδέτερο
7098828995520646405,2022-05-17,"Γιορτάζουμε την Παγκόσμια Ημέρα κατά της Ομοφοβίας και Τρανσφοβίας, π...","Πριν από 17 χρόνια, η 17η Μαΐου ορίστηκε ως πανγκόσμια ημέρα κατά της ομοφοβίας και τρανσφοβίας που γιορτάζεται σε όλες τις σύγχρονες δημοκρατίες. Όχι ως μια μόδα της εποχής, αλλά ως στιγμή γενναίας παραδοχής. Παραδοχής ότι για δεκαετίες εκατομμύρια άνθρωποι στον κόσμο υπήρξαν ή και εξακολουθούν να είναι θύματα προκαταλήψεων, διακρίσεων, βίας, διωγμών, ακόμα και δολοφονικών υπεθέσεων. Ενώ άλλοι οδηγήθηκαν στη δυστυχία, την απομόνωση, ακόμα και στην αυτοκτονία. Ως πατέρας, απευθύνομαι σήμερα στους γονείς των ΛΟΑΤΚΙΠΛΑΣ ΠΕΔΙΩΝ για να τους ζητήσω το προφανές να μην σταματήσουν ποτέ να τα αγαπούν και να τα στηρίζουν. Αλλά και ως πρωθυπουργός δεσμεύομαι ότι δεν θα αφήσω κανέναν μόνο του σε αυτόν τον αγώνα ελευθερίας και ισότητας. Θα είμαι δίπλα στον έφηβο που δέχεται bullying στο σχολείο επειδή είναι gay. Θα είμαι δίπλα στον διεμφιλικό άτομο που δεν βρίσκει δουλειά λόγω της ταυτότητας φίλου του. Θα είμαι δίπλα και στη γυναίκα που στιγματίζεται ως λεσβία. Για δικές και το μίσος που δυστυχώς ακόμα και στις ημέρες μας υφίστανται αυτοί οι συμπολίτες μας πρέπει επιτέλους να εξαλυφθούν. Γι' αυτό και η πολιτεία προχωρεί γρήγορα στην εφαρμογή της εθνικής στρατηγικής ισότητας. Η κατάργηση της απαγώρευσης της αιμοδοσίας από ομοφυλόφυλους, η συμμετοχή των διεμφιλικών στα προγράμματα εργασίας του ΑΕΔ και η απαγώρευση των λεγόμενων θεραπιών μεταστροφής είναι μόνο μερικές από τις πολιτικές που ήδη υλοποιούνται. Ξέρω ότι πολλά μένουν ακόμα να γίνουν. Η σύγχρονη Ελλάδα όμως έχει τη θέληση, την οριμότητα, την καρδιά και την ψυχή να καλύψει το χαμένο έδαφος. Κι αν κάτι πρέπει να κρατήσουμε από αυτήν την ημέρα είναι εικόνα μιας δίκαιας κοινωνίας όπου καθένας και καθεμιά μπορούν ελεύθερα να είναι ο εαυτός τους. Ευτυχισμένοι. Γι' αυτό και αλληλέγγει μεταξύ τους. Γιατί η ελεύθερη χώρα είναι η χώρα που έχει ελεύθερους πολίτες.",οριστηκ πανγκοσμι ομοφοβ τρανσφοβ γιορταζετα συγχρον δημοκρατ μοδα εποχ στιγμ γεννα παραδοχ παραδοχ δεκαετ εκατομμυρι ανθρωπ κοσμ υπηρξ εξακολουθ θυματ προκαταληψ διακρισ βιας διωγμ δολοφονικ υπεθεσ οδηγηθηκ δυστυχι απομονωσ αυτοκτονι πατερ απευθυνομα σημερ γον λοατκιπλ πεδ ζητησ προφαν σταματησ αγαπ στηριζ πρωθυπουργ δεσμευομα αφησ κανεν αγων ελευθερ ισοτητ εφηβ δεχετα bullying σχολει gay διεμφιλικ ατομ βρισκε δουλει λογω ταυτ φιλ γυναικ στιγματιζετα λεσβι μισ δυστυχω ημερ υφισταντα συμπολιτ επιτελ εξαλυφθ πολιτει προχωρε γρηγορ εφαρμογ εθνικ στρατηγικ ισοτητ καταργησ απαγωρευσ αιμοδοσ ομοφυλοφυλ συμμετοχ διεμφιλικ προγραμ εργασ αεδ απαγωρευσ λεγομεν θεραπ μεταστροφ μερικ πολιτικ υλοποιουντα μεν γιν συγχρον ελλαδ θελησ οριμ καρδι ψυχη καλυψε χαμεν εδαφ κρατησ εικον δικα κοινων καθεν καθεμι μπορ ελευθερ εαυτ ευτυχισμεν αλληλεγγε μεταξ ελευθερ χωρα χωρα ελευθερ πολιτ,83700,2601,165,146,175,139,288,2022,5,2022Q2,3087,3.688,3.108,602.2,1,3,-0.5,negative,λύπη
7099419365002562821,2022-05-19,Κανείς δεν θα αποδεχθεί «λύση» δύο κρατών στην Κύπρο. #fyp #tiktokgreece,"Και μιλώντας για ανοιχτήσεις ανοιχτήσεις, θέλω να σας προσπαθώ, ειδικοί μέντες της Κοινωνίας, να μην ξεχνάτε μια ανοιχτή πόρτα που έχει δημιουργήσει τον ελληνικό ευκαιρισμό και την αδερφή του 48 χρόνου. Είμαι σχεδιασμένος στην εξερμογή και την συνεργασμένη διαδικασία της Cyprus. Αυτή η θέση πρέπει να εξερμογηθεί σε συνδυασμό με την ελληνική δικασία και σε συνδυασμό με τις σημαντικές διαδικασίες της ΗΠΑ. Όπως είπα ο πρόεδρος Biden σήμερα, κανένας δεν μπορεί, κανένας δεν θα καταλαβαίνει μια δύο σημεία σχεδία στην Cyprus.",μιλ ανοιχτησ ανοιχτησ προσπαθ ειδικ μεντ κοινων ξεχνατ ανοιχτ πορτ δημιουργησε ελληνικ ευκαιρισμ αδερφ χρον σχεδιασμεν εξερμογ συνεργασμεν διαδικασι cyprus θεση εξερμογηθε συνδυασμ ελληνικ δικασι συνδυασμ σημαντικ διαδικασ ηπα ειπα προεδρ biden σημερ κανεν κανεν καταλαβαινε σημει σχεδι cyprus,223200,7231,378,365,355,70,81,2022,5,2022Q2,8329,3.732,3.24,3188.6,0,0,0.0,neutral,ουδέτερο
7099537892019637509,2022-05-19,Επανασχεδιάζουμε τη Δημοκρατία μας για να ανταποκριθούμε στις προκλήσ...,"Κάθε φορά, κάθε φορά που κατασκευάζουμε στο Παρθυνό Φρύζο, κομμάτι του οποίου, ευκαιρισμένως, ακριβώς βρίσκεται στο Μουσείο της Βρισκότης, όχι στο Μουσείο της Ακρόπολης, στο οποίο αντιμετωπίζεται. Είμαστε ενδιαφέροντες από την ευκαιρία της δημοκρατικής δημοκρατίας. 30 χρόνια μετά από το Παρθυνό, η δημοκρατία στην Αθήνα δεν ήταν πραγματική. Η ευκαιρία της δημοκρατικής δημοκρατίας να φύγει στις δυσκολίες του 21ου αιώνα μπορεί να μιλήσει σαν ένα μεγάλο σύγχρονο. Αλλά αυτή είναι η οικογένεια της δημοκρατικής δημοκρατίας μας. Και είμαι σίγουρος ότι θα το επιτρέψουμε.",κατασκευαζ παρθυν φρυζ κομματ οπο ευκαιρισμενω ακριβω βρισκετα μουσει βρισκοτ μουσει ακροπολ αντιμετωπιζετα ενδιαφεροντ ευκαιρι δημοκρατικ δημοκρατ παρθυν δημοκρατι αθην πραγματικ ευκαιρι δημοκρατικ δημοκρατ φυγε δυσκολ αιων μιλησε σαν μεγαλ συγχρον οικογενει δημοκρατικ δημοκρατ σιγουρ επιτρεψ,76200,1961,45,46,68,52,83,2022,5,2022Q2,2120,2.782,2.573,1465.4,3,1,0.5,positive,ουδέτερο
7099753136033664261,2022-05-20,Δεν θα δεχτούμε επιθετικές ενέργειες που παραβιάζουν την κυριαρχία μα...,Η Ελλάδα είναι μια δημοκρατική δημοκρατία που συνεχίζει κάθε φιλή φιλή στις φίλες μας. Είμαστε πάντα ανοιχτοί στον διάλογο. Αλλά υπάρχει μόνο ένα σύστημα που μπορούμε να χρησιμοποιήσουμε για να καταστρέψουμε τις διαφορές μας. Η δημοκρατική δικασία και τα ανοιχτή πρόκλημα των καλύτερας σχέσης σχέσης. Και θέλω να είμαι αλήθεια. Δεν θα δημιουργήσουμε ανοιχτή δημοκρατία που δημιουργούν τη δημοκρατία και τα ανοιχτή πρόκλημα. Αυτοί συμβαίνονται με ανοιχτή πρόκλημα που πρέπει να σταματήσουν αμέσως.,ελλαδ δημοκρατικ δημοκρατι συνεχιζε φιλη φιλη φιλ ανοιχτ διαλογ συστημ μπορ χρησιμοποιησ καταστρεψ διαφορ δημοκρατικ δικασι ανοιχτ προκλημ καλυτερ σχεσ σχεσ αληθει δημιουργησ ανοιχτ δημοκρατι δημιουργ δημοκρατι ανοιχτ προκλημ συμβαιν ανοιχτ προκλημ σταματησ αμεσω,87700,2636,83,51,97,54,73,2022,5,2022Q2,2867,3.269,3.006,1624.1,3,0,1.0,positive,ουδέτερο
7101950145809353990,2022-05-26,H πιο ουσιαστική πολιτική την οποία μπορούμε να κάνουμε για τη νέα γε...,"Την τελευταία δεκαετία, παρατηρούνται αλλαγές στην οικονομία, ανοιχεία, χαμηλή μισθήκη, εξωτενατικά ωράρια και γενικότερα αποτελεμοντική ανασφαλή κυριαρχούν στην σύγχρονη πραγματικότητα. Αυτό ειχε ένα αποτελείσμα οι νέοι να υπάρχει μια κρίση στις αισθέες, τις αξίες, όσον αφορά τους νέους. Θα ήθελα να ρωτήσω λοιπόν, ως πολιτεία, οι οποίες συμμελίζονται την ανησυχία αυτών των νέων, αν έχετε κάποιο πλάνο δράσης μέσα στο οποίο οι νέοι θα μπορούν να ανακτήσουν την αυτοεκτείνησή τους, θα έχουν ενεργό δράση της εξελίξης και θα μπορούν ξανά να ομοιρεύονται. Σε ευχαριστώ για την ερώτηση. Πιστεύω ότι οι νέοι της πατρίδας μας έχουν τα τελευταία δώδεκα, δεκατέσσερα χρόνια ουσιαστικά ζήσει μόνο κρίσης. Και αυτό είναι σίγουρα κάτι το οποίο είναι επώδυνο, τραυματικό και δικαιολογεί έντονα αισθήματα ανασφάλειας, θυμού, αγανάκτησης. Και μπορεί να αισθάνεστε, αναφέρομαι σε όλους σας, τη γενιά σας, ότι ουσιαστικά οι προηγούμενες γενιές με τις πολιτικές τους σας έκλεψαν τα όνειρά σας. Έχετε δίκιο σε μεγάλο βαθμό να αποδίδετε ευθύνες σε αυτές τις γενιές που όντως δεν με ρίμνησαν, ώστε η Ελλάδα να μην χάσει με δεκαετία. Όμως το ζητούμενο εδώ δεν είναι να γυρίσουμε τον ρόλο του χρόνου πίσω, κάτι το οποίο δεν είμαστε θες να κάνουμε, αλλά πώς θα διορθώσουμε τις αστοχίες του παρελθόντος και πώς θα χερδίσουμε το χαμένο έραφος. Και αυτή είναι και η δικιά μου πρώτη πρωτεραιότητα, όταν σκέφτομαι συνολικά τις πολιτικές μας για τους νέους, οι οποίες πρέπει να ξεκινούν από δύο αφετηρίες, σπουδές, κατάρτιση, μαλόναι κατανάγκης σπουδές, εκπαίδευση, κατάρτιση και δουλειά. Για μένα, η πιο ουσιαστική πολιτική την οποία μπορούμε να κάνουμε για τη νέα γενιά είναι να δημιουργούμε περισσότερες καλοπληρωμένες θέσεις εργασίας. Στέκομαι στο καλοπληρωμένες, γιατί δεν αρκεί απλά ένας νέος να δουλεύει ένα τέτρα όλο μερική απασχόληση, να μπορεί τυπικά να εμφανίζεται στα στατιστικά μας όσο απασχολούμενος, αλλά στην πράξη να ξέρουμε ότι αυτό δεν είναι μια δουλειά η οποία μπορεί να τον κάνει να αισθάνεται άνετα, να ονειρεύεται και να οικοδομεί το μέλλον του.",τελευται δεκαετι παρατηρουντα αλλαγ οικονομι ανοιχει χαμηλ μισθηκ εξωτενατικ ωραρι γενικοτερ αποτελεμοντικ ανασφαλ κυριαρχ συγχρον πραγματικ αποτελεισμ νεοι κρισ αισθε αξι οσον αφορ νεο ηθελ ρωτησ πολιτει συμμελιζ ανησυχι νεων πλαν δρασ νεοι μπορ ανακτησ αυτοεκτεινησ ενεργ δρασ εξελιξ μπορ ομοιρευ ευχαριστ ερωτησ πιστευ νεοι πατριδ τελευται δωδεκ δεκατεσσερ ουσιαστικ ζησε κρισ σιγουρ επωδυν τραυματικ δικαιολογε εντον αισθη ανασφαλε θυμ αγανακτησ αισθαν αναφερομα γενι ουσιαστικ προηγουμεν γεν πολιτικ εκλεψ ονειρ δικι μεγαλ βαθμ αποδιδ ευθυν γεν οντω ριμν ελλαδ χασε δεκαετι ζητουμεν γυρ ρολο χρον θες διορθωσ αστοχ παρελθοντ χερδ χαμεν εραφ δικι πρωτ πρωτερα σκεφτομα συνολικ πολιτικ νεο ξεκιν αφετηρ σπουδ καταρτισ μαλονα καταναγκ σπουδ εκπαιδευσ καταρτισ δουλει μενα ουσιαστικ πολιτικ μπορ νεα γενι δημιουργ περισσοτερ καλοπληρωμεν θεσ εργασ στεκομα καλοπληρωμεν αρκε νεος δουλευε τετρ μερικ απασχολησ τυπικ εμφανιζετα στατιστικ απασχολουμεν πραξ ξερ δουλει αισθανετα ανετ ονειρευετα οικοδομε μελλ,79500,1801,76,30,69,144,318,2022,5,2022Q2,1976,2.486,2.265,552.1,4,4,0.0,neutral,χαρά
7105037831579389189,2022-06-03,"Καινοτομία και τεχνολογία, μοχλός για μία καλύτερη καθημερινότητα. #f...","Αυτά τα οποία γίνονται εδώ στην Αστυπάλαια, δεν γίνονται σε πολλά μέρη του κόσμου. Είμαστε στην πρωτοπορία σήμερα της κενοτομίας και της τεχνολογίας. Για το πώς μπορούμε να υιορθετήσουμε έξυπνα συστήματα μετακινήσεων, για το πώς μπορούμε και πρέπει να προσαρμόσουμε το κανονιστικό μας πλαίσιο και πώς τελικά αυτή η κενοτόμος τεχνολογία, η οποία ξεκινάει αλλά δεν τελειώνει με την ηλεκτροκίνηση, θα μπορέσει να γίνει ένας μοχλός για μια καλύτερη καθημερινότητα.",γιν αστυπαλαι γιν μερη κοσμ πρωτοπορι σημερ κενοτομ τεχνολογ μπορ υιορθετησ εξυπν συστη μετακινησ μπορ προσαρμοσ κανονιστικ πλαισι τελικ κενοτομ τεχνολογι ξεκιναε τελειωνε ηλεκτροκινησ μπορεσε μοχλ καλυτερ καθημεριν,67200,1502,43,19,39,31,70,2022,6,2022Q2,1603,2.385,2.235,2167.7,0,0,0.0,neutral,ουδέτερο
7106174097222028549,2022-06-06,Όσο η τεχνολογία προχωράει τόσο η ενέργεια που θα παράγεται από τον ή...,"Οι ανέωσσες ποιες ενέργειας, θα το ξαναπω, είναι η πιο φτηνή μορφή ενέργειας την οποία μπορούμε να παράγουμε σήμερα. Και σε μια εποχή που όλοι είμαστε θύματα ενός πολέμου μιας εισβολής σε ευρωπαϊκό έδαφος, η οποία οδήγησε σε μια εκτείναξη των τιμών του φυσικού αερίου, αντιλαμβανόμαστε ότι η πράσνη μετάβαση δεν γίνεται μόνο για να μειώσουμε τις εκπομπές μας και να αποτρέψουμε το καταστροφικό φαινόμενο του θερμοκυπίου, γίνεται και για λόγους ελληνικής ασφάλειας. Ο αέρας που φυσάει σήμερα, ο ήλιος που έχουμε είναι δικός μας, κανείς δεν μπορεί να μας τον πάρει και όσο η τεχνολογία προχωράει, τόσο η ενέργεια που θα παράγεται από τον ήλιο και από το άνθρωπο θα γίνεται όλο ένα και φυνότερη.",ανεωσσ ενεργε ξαναπ φτην μορφ ενεργε μπορ παραγ σημερ εποχ θυματ πολεμ εισβολ ευρωπαικ εδαφ οδηγ εκτειναξ τιμ φυσικ αερ αντιλαμβαν πρασν μεταβασ μειωσ εκπομπ αποτρεψ καταστροφικ φαινομεν θερμοκυπ λογ ελληνικ ασφαλε αερ φυσαε σημερ ηλι παρε τεχνολογι προχωραε ενεργει παραγετα ηλιο ανθρωπ φυνοτερ,66400,1463,30,8,37,41,116,2022,6,2022Q2,1538,2.316,2.203,1619.5,0,1,-1.0,negative,λύπη
7107513034356116742,2022-06-10,Πρόσω ολοταχώς για την «πράσινη» ναυτιλία. Πρέπει να είμαστε πρωταγων...,"Πρόκειται, λοιπόν, για μια ιστορική πρόκληση για την ελληνική ναυτιλία που απαιτεί ένα κοινό μέτωπο. Οι δράσεις της ναυτιλίας για την κενοδομία να συνδυαστούν και με την έρευνα και με τη δουλειά που γίνεται στο επίπεδο του AMO, η παραγωγή ενέργειας και καυσίμων και οι κατασκευαστές μηχανών να συνεργαστούν με την αυστηλία για να εφαρμόσουν πρωτοπόριας μεθόδους και οι πολιτικοί θεσμοί σε εθνικό και σε ευρωπαϊκό επίπεδο να διευκολύνουν τον συντονισμό όλων αυτών των δυνάμων. Για να μιλήσω ξανά στη γλώσσα σας, μπορούμε να κινηθούμε πρόσω ολοταχώς για την πράσινη ναυτιλία και πρέπει, ως πρωταγωνιστές, ως παγκόσμοι πρωταγωνιστές ως Ελλάδα να είμαστε πρωταγωνιστές και όχι ουραγείς σε αυτή την προσπάθεια. Και με λόγια πρωτοβουλίες που υπερβαίνουν το μέγεθος της χώρας μας, αντανακτούν ωστόσο την υπεροή που έχουμε στα παγκόσμια ναυτιλιακά πράγματα και κυρίως ευθυγραμμίζονται με το μέλλον.",προκειτα ιστορικ προκλησ ελληνικ ναυτιλι απαιτε κοιν μετωπ δρασ ναυτιλ κενοδομι συνδυαστ ερευν δουλει επιπεδ amo παραγωγ ενεργε καυσιμ κατασκευαστ μηχαν συνεργαστ αυστηλι εφαρμοσ πρωτοπορ μεθοδ πολιτικ θεσμ εθνικ ευρωπαικ επιπεδ διευκολυν συντονισμ ολων δυναμ μιλησ γλωσσ μπορ κινηθ προσ ολοταχω πρασιν ναυτιλι πρωταγωνιστ παγκοσμ πρωταγωνιστ ελλαδ πρωταγωνιστ ουραγ προσπαθει λογι πρωτοβουλ υπερβαιν μεγεθ χωρ αντανακτ υπερο παγκοσμι ναυτιλιακ κυριω ευθυγραμμιζ μελλ,69700,1458,17,9,35,68,137,2022,6,2022Q2,1519,2.179,2.092,1025.0,1,0,1.0,positive,ουδέτερο
7127217093459610886,2022-08-02,Η ταυτότητα και το δίπλωμα περνάνε στην ψηφιακή εποχή. #fyp #tiktokgr...,"Δεν έχω πολλά πράγματα να προσθέσω, πέραντου να αναδείξω την αυτονόητη σημασία να έχουμε στο ψηφιακό μας πρωτοφόλι το διπλωμά μας και την ταυτότητά μας. Και βέβαια είναι νέες υπηρεσίες, οι οποίες προστίθεται στο πολύ σημαντικό χαρτοφυλάκιο υπηρεσιών και διαδικασιών που έχουν ήδη ενταχθεί στο gav.gr. Έχουμε αποδείξει ότι μπορούμε να σχεδιάζουμε από την αρχή νέες διαδικασίες οι οποίες να έχουν αποκλειστικό ψηφιακό αποτύπωμα. Αναφέρομαι ενδεικτικά εδώ στην διαδικασία του εμβολιασμού αλλά και σε άλλες δράσεις που βελτιώνουν όλα τα μέτωπα της οικονομικής και της κοινωνικής ζωής.",προσθεσ περαντ αναδειξ αυτονοητ σημασι ψηφιακ πρωτοφολ διπλωμ ταυτ νεες υπηρεσ προστιθετα σημαντικ χαρτοφυλακι υπηρεσ διαδικασ ενταχθε gav αποδειξε μπορ σχεδιαζ αρχη νεες διαδικασ αποκλειστικ ψηφιακ αποτυπωμ αναφερομα ενδεικτικ διαδικασι εμβολιασμ δρασ βελτιων μετωπ οικονομικ κοινωνικ ζωης,91500,1857,89,27,81,52,87,2022,8,2022Q3,2054,2.245,2.03,1759.6,0,0,0.0,neutral,ουδέτερο
7138750719573757190,2022-09-02,"Η Ελλάδα δεν γυρνάει πίσω, κοιτάει μόνο μπροστά. #fyp #tiktokgreece ",Οι μας φίλες και φίλοι έχει συμπληρώσει τρία χρόνια σχληρής δουλειάς και η καλύτερη απόδειξη του τι έχουμε πετύχει είναι το έργο μας. Θέλουμε να μιλάμε με έργα και όχι με λόγια. Είχα σήμερα την ευκαιρία να επισκεφθώ δύο σημαντικές παραγωγικές μονάδες του νόμου Σερών να συγχαρώ τους επιχειρηματίες οι οποίοι επενδύουν στον τόπο τους και δημιουργούν θέσεις εργασίας να δω έναν καινούργιο δημοτικό σχολείο στο νέο Σούλι το οποίο θα ανοίξει τις πόρτες του σε λίγες μέρες για πρώτη φορά εδώ και δώδεκα χρόνια η κυβέρνηση της Νέας Δημοκρατίας έκανε διορισμούς τακτικών καθηγητών και δασκάλων στις κοντοβάστερες και δοβάστερες υπογράψαμε τη σύμβαυση για το καινούργιο πυροζεστικό σταθμό ο οποίος θα ολοκληρωθεί σε δύο χρόνια Ευχαριστώ από ένα μεγάλο ευχαριστώ στους πυροζέστες μας και σε όσους μας επέτρεψαν να αντιμετωπίσουμε με αποτελεσματικότητα αυτή την δύσκολη αντιμετωπιλική περίοδο και βέβαια ένα σημαντικό έργο για την πόλη των Ψερών η καινούργια τέρηγα της ψυχιαδρικής κλινικής η οποία συνδέεται πια με το νοσοκομείο με έργα μικρά και μεγάλα απαντούμε στην κρίνια και στην υπονόμευση των πολιτικών μας αντιπάλων Είναι η καλύτερη απόδειξη ότι η Νέα Δημοκρατία είναι η σκυρή απολαμβάρητης εμπιστοσύνη των Ελλήνων και θα οδεύσει στις εκλογές που θα γίνουν το 23 με αυτοπεπίθηση για να μπορέσει ο ελληνικός λαός να κρίνει και να συγκρίνει Η Ελλάδα δεν γυρνάει πίσω κοιτάει μόνο μπροστά και αυτό είναι το μήνυμα το οποίο θέλω να στείλω σήμερα εδώ πέρα από τις ΣΕΡΕΣ,φιλ φιλ συμπληρωσε τρια σχληρ δουλε καλυτερ αποδειξ πετυχε εργο θελ μιλαμ εργα λογι σημερ ευκαιρι επισκεφθ σημαντικ παραγωγικ μοναδ νομ σερ συγχαρ επιχειρηματ επενδυ τοπο δημιουργ θεσ εργασ καινουργι δημοτικ σχολει νεο σουλ ανοιξε πορτ μερ πρωτ δωδεκ κυβερνησ νεας δημοκρατ εκαν διορισμ τακτικ καθηγητ δασκαλ κοντοβαστερ δοβαστερ υπογραψαμ συμβαυσ καινουργι πυροζεστικ σταθμ ολοκληρωθε ευχαριστ μεγαλ ευχαριστ πυροζεστ οσο επετρεψ αντιμετωπ αποτελεσματικ δυσκολ αντιμετωπιλικ περιοδ σημαντικ εργο πολη ψερ καινουργι τερηγ ψυχιαδρικ κλινικ συνδεετα πια νοσοκομει εργα μικρ μεγαλ απαντ κρινι υπονομευσ πολιτικ αντιπαλ καλυτερ αποδειξ νεα δημοκρατι σκυρ απολαμβαρητ εμπιστοσυν ελλην οδευσε εκλογ γιν αυτοπεπιθησ μπορεσε ελληνικ λαος κρινε συγκρινε ελλαδ γυρναε κοιταε μηνυμ στειλ σημερ περα σερ,114600,2635,199,78,101,111,237,2022,9,2022Q3,3013,2.629,2.299,1032.4,4,0,1.0,positive,ουδέτερο
7144349206847687942,2022-09-17,Οι κανόνες του παιχνιδιού είναι σταθεροί και δεν νοείται να αλλάξουν ...,"Είναι αλήθεια, κύριε Καντέλη, ότι έχω δεχθεί τέτοιες εισηγήσεις. Όμως, νομίζω ότι μέσα από την ερώτησή σας δώσατε ο ίδιος την απάντηση. Δεν είμαι κολοτούμπας. Έχω πει πολλές φορές ότι οι κανόνες του παιχνιδιού είναι σταθεροί και δεν νοείται να αλλάξουν λίγους μήνες πριν από τις εθνικές εκλογές. Θα πορευθούμε στις εκλογές με τον ψηφισμένο εκλογικό νόμο. Ο νόμος αυτός είναι ένας νόμος ο οποίος αυξάνει λίγο τον πύχι της αυτοδυναμίας σε σχέση με τον προηγούμενο νόμο, πιο δίκαια κατά την άποψή μου, διότι δίνει τον πόντους με ένα πιο κλιμακό τρόπο, και θέτει τον πύχι της αυτοδυναμίας περίπου στο 37 με 38%. Θα ήταν θεσμικά ανεύθυνο να έρθω και να πω ότι αλλάζω τον εκλογικό νόμο κατεβάζοντας κατά λίγο τον πύχι της αυτοδυναμίας, επειδή με αυτόν τον τρόπο θα εξασφαλίσουμε μεγαλύτερες πιθανότητες για επίτευξη πολιτικής σταθερότητας. Προτιμώ, κύριε Καντέλη, να αναλώσω την ενέργειά μου από το να κατεβάζω εκλογικούς πύχης στο να πήθω τους πολίτες γιατί στις μεθεπόμενες εκλογές πρέπει η χώρα να πετύχει μια ισχυρή κυβέρνηση μέσα από μια αυτοδύναμη Νέα Δημοκρατία. Κατά συνέπεια δεν ήθεται κανένα ζήτημα αλλαγής του εκλογικού νόμου εκτός από μία περίπτωση. Αν έρθει ο ΣΥΡΙΖΑ και δεχθεί ότι η κάλπη της απλής αναλογικής είναι μια βόμβα στα θεμέλια της πολιτικής σταθερότητας και συμφωνήσουμε από κοινού να αλλάξουμε τον εκλογικό νόμο έτσι ώστε να αποφύγουμε την αγρίαστη κάλπη της απλής αναλογικής. Επειδή εκτιμώ όμως ότι αυτό δεν θα συμβεί, εφαντάζομαι θα ερωτηθεί ο κύριος Τσίπρας στην συνέντευξη που θα δώσει την επόμενη Κυριακή, είμαι περίπου βέβαιος ότι θα πορευθούμε στις επόμενες εκλογές με τον ειφιστάμενο εκλογικό νόμο χωρίς να χρειαστεί να κάνουμε καμία απολύτως αλλαγή ή προσαρμογή. Και κάτι τελευταίο, έχω χτίσει μια σχέση πιστοσύνης με τους πολίτες μέσα από τα καλά που έχουμε κάνει, μέσα από τα λάθη μας, μέσα από την ειλικρινή μου διάθεση πάντα να προσπαθώ κάθε μέρα να γίνω μεγαλύτερος. Αυτή είναι τη σχέση πιστοσύνης, δεν είμαι διατεθειμένος να την υποθυκεύσω για κανέναν απολύτως λόγο.",αληθει κυρι καντελ δεχθε τετο εισηγησ νομιζ ερωτησ δωσατ απαντησ κολοτουμπ φορ κανον παιχνιδ σταθερ νοειτα αλλαξ λιγ μην εθνικ εκλογ πορευθ εκλογ ψηφισμεν εκλογικ νομο νομ νομ αυξανε πυχι αυτοδυναμ σχεσ προηγουμεν νομο δικαι αποψ δινε ποντ κλιμακ τροπ θετε πυχι αυτοδυναμ θεσμικ ανευθυν ερθω αλλαζ εκλογικ νομο κατεβαζ πυχι αυτοδυναμ τροπ εξασφαλ μεγαλυτερ πιθανοτητ επιτευξ πολιτικ σταθερ προτιμ κυρι καντελ αναλωσ ενεργει κατεβαζ εκλογικ πυχ πηθω πολιτ μεθεπομεν εκλογ χωρα πετυχε ισχυρ κυβερνησ αυτοδυναμ νεα δημοκρατι συνεπει ηθετα κανεν ζητημ αλλαγ εκλογικ νομ εκτ περιπτωσ ερθε συριζ δεχθε καλπ απλ αναλογικ βομβ θεμελι πολιτικ σταθερ συμφωνησ κοιν αλλαξ εκλογικ νομο αποφυγ αγριαστ καλπ απλ αναλογικ εκτιμ συμβε εφανταζομα ερωτηθε κυρι τσιπρ συνεντευξ επομεν κυριακ βεβαι πορευθ επομεν εκλογ ειφισταμεν εκλογικ νομο χρειαστε καμι απολυτω αλλαγ προσαρμογ τελευται χτισε σχεσ πιστοσυν πολιτ καλα λαθη ειλικριν διαθεσ προσπαθ γινω μεγαλυτερ σχεσ πιστοσυν διατεθειμεν υποθυκευσ κανεν απολυτω λογο,108300,2111,41,22,72,155,325,2022,9,2022Q3,2246,2.074,1.949,698.7,4,1,0.6,positive,ουδέτερο
7145774342142479622,2022-09-21,Η απασχόληση πρέπει να είναι πλήρης. Η μερική απασχόληση πρέπει να εί...,"Θα θέλω να πω κάτι για τους νερούς, το οποίο έχει πολύ μεγάλη σημασία. Και αυτό έχει να κάνει με το γεγονός ότι πάρα πολλοί νέοι πιστεύουν να πάρουν απόθεση ένταξης. Και είναι λάθος αυτό. Και είναι λάθος ότι πιστεύουν ότι έτσι είναι πιο επιρρεπής σε νεοφόβλους εκβιασμούς που μπορεί σ' ένα βαθμό να αισθάνονται ότι και ήδη τους βολεύουν, να σε πληρώνουν το μαύρα, τι σημασία έχει τώρα, χάνεις τις εισφορές σου. Είναι μεγάλο λάθος να στερούμαστε σε αυτήν την πληκτή εισφορές. Και γι' αυτό και έχουμε προχωρήσει σε αυτή την έννοια του ατομικού κουμπαρά που ο νέος ο οποίος βένει για πρώτη φορά στα ώρα εργασίας ή ο οποιοσδήποτε κάτω των 30 θέλει από πρώτη στιγμή του 23 να μπορεί να βλέπει πια την επιπληκτή του ασφάλισης το δικό του ατομικό λογαριασμό. Θα ξεκινήσει με μικρά ποσά. Το κόσο αυτό θα γίνει σημαντικό γιατί το λέω αυτό για να καταλαβαίνει ο καθένας νέος ο οποίος εργάζεται σήμερα ασφάλιστος ή εργάζεται μερική απασχόληση, αλλά δουλεύει πλήρη απασχόληση. Ότι αυτό το οποίο μπορεί να κερδίζει πέναντας κάποια μαύρα οικονομικά το χάνει από εισφορές που θα του λείψουν. Γιατί είναι δικές του. Δεν είναι εισφορές που πληρώνεις εσύ για να πάρει σύνταξη ο πατέρας σου ή ο παππούς σου. Είναι μια πάρα πολύ σημαντική αλλαγή κουλτούρα. Θα μας πάρει καιρό να την περάσουμε στη νέα γενιά. Έχει σημασία όμως να γνωρίζουμε όλοι ότι η απασχόληση πρέπει να είναι πλήρη. Η μερική απασχόληση πρέπει να είναι μερική απασχόληση, όχι πλήρη που εμφανίζεται ως μερική. Και ότι τελικά με αυτό τον τρόπο είμαστε όλοι οφεδημένοι.",νερ μεγαλ σημασι γεγον νεοι πιστευ παρ αποθεσ ενταξ λαθ λαθ πιστευ επιρρεπ νεοφοβλ εκβιασμ βαθμ αισθαν βολευ πληρων μαυρ σημασι χαν εισφορ μεγαλ λαθ στερουμαστ πληκτ εισφορ προχωρησε εννοι ατομικ κουμπαρ νεος βενε πρωτ ωρα εργασ οποιοσδηποτ πρωτ στιγμ βλεπε πια επιπληκτ ασφαλισ ατομικ λογαριασμ ξεκινησε μικρ ποσα κοσο σημαντικ καταλαβαινε καθεν νεος εργαζετα σημερ ασφαλιστ εργαζετα μερικ απασχολησ δουλευε πληρ απασχολησ κερδιζε πεναντ μαυρ οικονομικ χανε εισφορ λειψ εισφορ πληρων παρε συνταξ πατερ παππ σημαντικ αλλαγ κουλτουρ παρε καιρ περασ νεα γενι σημασι γνωρ απασχολησ πληρ μερικ απασχολησ μερικ απασχολησ πληρ εμφανιζετα μερικ τελικ τροπ οφεδημεν,155800,3135,142,82,197,100,262,2022,9,2022Q3,3556,2.282,2.012,1558.0,2,3,-0.2,negative,ουδέτερο
7145797529735548165,2022-09-21,Για πάρα πολλούς συνταξιούχους που δεν έχουν προσωπική διαφορά θα δού...,"Συντάξεις θα αυξηθούν από πρώτης πρώτη από το 23, κυρίως οι χαμηλές συντάξεις, για όσους δεν έχουν προσωπική διαφορά. Να το πω με απλά λόγια, τι ήταν η προσωπική διαφορά. Προσωπική διαφορά μαζί σας? Όχι, με τον κράτος. Τι ήταν η προσωπική διαφορά, ήταν ένας μηχανισμός που όταν κόπηκαν οι συντάξεις, ουσιαστικά επειδή δεν κόπηκε καμία συντάξη, πάλαμε ένα τεχνητό λογιστικό εργαλείο, το πιο κράτηση συντάξη εκεί πρέπει να είναι. Οπότε, όποιος έχει προσωπική διαφορά θα έπρεπε να είχε δημιουργήσει και δεν την είδε. Η αύξηση των συντάξεων θα τρώει την προσωπική διαφορά μέχρι που να τη φάει όλοι και να αρχίσει την αύξηση των συντάξεων. Όμως, για πάρα πολλούς συνταξίους που δεν έχουν προσωπική διαφορά, θα δούμε αύξηση των συντάξεων, η οποία εκτιμώ θα ξεπεράσει το 6% από πρώτης πρώτη από το 23.",συνταξ αυξηθ πρωτ πρωτ κυριω χαμηλ συνταξ οσο προσωπικ διαφορ λογι προσωπικ διαφορ προσωπικ διαφορ κρατ προσωπικ διαφορ μηχανισμ κοπηκ συνταξ ουσιαστικ κοπηκ καμι συνταξ παλαμ τεχνητ λογιστικ εργαλει κρατησ συνταξ οποτ προσωπικ διαφορ επρεπ δημιουργησε ειδε αυξησ συνταξ τρωε προσωπικ διαφορ φαει αρχισε αυξησ συνταξ πολλ συνταξι προσωπικ διαφορ δουμ αυξησ συνταξ εκτιμ ξεπερασε πρωτ πρωτ,398200,5487,280,234,302,41,134,2022,9,2022Q3,6303,1.583,1.378,9712.2,5,0,1.0,positive,ουδέτερο
7145893867634593029,2022-09-21,"Έχουμε ισχυρές συμμαχίες, έχουμε ισχυρές ένοπλες δυνάμεις. Ξέρουν όλο...","Τουρκία θα είμαστε πάντα γείτονες. Αυτά που μας εντώνουν είναι περισσότερα από αυτά που μας χωρίζουν. Και νομίζετε αυτό είναι κάτι το οποίο οι λαοί το αντιλαμβάνονται και εγώ θα καταβάλω πάντα προσπάθεια απ' τη μία να είμαι πολύ αυστηρός ως προς τα όρια τα οποία θέτουμε. Έχουμε ισχυρές συμμαχίες, έχουμε ισχυρές ενοπλές δυνάμεις. Ξέρουν όλοι ότι δεν μπορούν να παίζουν με την Ελλάδα. Από την άλλη, πρέπει να είμαστε σε θέση να μπορούμε να συζητούμε, να λύνουμε τις διαφορές μας ή και να μπορούμε να συμφωνούμε ότι διαφωνούμε χωρίς να πλακονόμαστε. Είναι πολύ σημαντικό. Δεν εκτιμούνται από τη μία στιγμή στην Ιστάλειο. Θα λύθουν οι διαφορές με Τουρκία. Είναι πολύ βαθιές και έρχονται από πολύ μακριά.",τουρκι γειτον εντων περισσοτερ χωριζ νομιζ λαοι αντιλαμβαν καταβαλ προσπαθει αυστηρ ορια θετ ισχυρ συμμαχ ισχυρ ενοπλ δυναμ ξερ μπορ παιζ ελλαδ θεση μπορ συζητ λυν διαφορ μπορ συμφων διαφων πλακον σημαντικ εκτιμουντα στιγμ ισταλει λυθ διαφορ τουρκι βαθ ερχ μακρι,211800,4551,193,42,250,37,117,2022,9,2022Q3,5036,2.378,2.149,5724.3,0,0,0.0,neutral,ουδέτερο
7146558452133842182,2022-09-23,Έτσι ξεκίνησε το ταξίδι μας στις ΗΠΑ!🇬🇷  #fyp #tiktokgreece ,"Πού είσαι ρε Μεγάλε? Τι κάνεις εσύ, από πού είσαι εσύ? Εγώ είμαι από την Τρίπολη Από την Τρίπολη είναι η γυμνουρία σου Σοβαρά! Να είσαι καλά! Από την Τρίπολη",μεγαλ τριπολ τριπολ γυμνουρι σοβαρ καλα τριπολ,193100,9495,137,274,520,17,30,2022,9,2022Q3,10426,5.399,4.917,11358.8,1,0,1.0,positive,ουδέτερο
7180784366350535942,2022-12-24,Επίσκεψη σε Χειμάρρα και σε χωριά της Ελληνικής εθνικής μειονότητας σ...,"Καλώς σας βρήκαμε. Καλώς σας βρήκαμε. Είναι πράγματι μια ξεχωριστή στιγμή. Θέλω να σας πω ένα μεγάλο ευχαριστώ που κρατήσατε σε πολύ δύσκολα χρόνια άσβεστη τη φλόγα του ελληνισμού και της ορθοδοξίας μέσα στην καρδιά σας. Είναι ιστορική ημέρα για τη Χιμάρα και για όλους εμάς τους Χιμαριώτες. Φίλες και φίλοι, είμαι ιδιαίτερα συγκινημένος που μου δίνετε σήμερα η ευκαιρία ως πρωθυπουργός της Ελλάδας να επισκεφτώ το δήμο σας. Καλώς ήρθατε. Στην δρόμπολη για μας χαράμενα ευκαιρθόμαστε ολόψηκα να ξαναρθείτε πάλι. Σας καλωσορίζουμε. Να είστε καλά. Φίλες και φίλοι, σας ευχαριστώ από καλιάς και ήθελα πολύ να βρεθώ μαζί σας και δεν μπορώ να μην θυμηθώ το γεγονός ότι σε αυτήν εδώ πέρα την πλατεία πριν από ακριβώς 31 χρόνια είχε πει ο πατέρας μου καλύτερα είχε πει ότι η ελληνική εθνική μειονότητα είναι γέφυρα φιλίας μεταξύ των δύο κρατών.",καλω βρηκαμ καλω βρηκαμ πραγματ ξεχωριστ στιγμ μεγαλ ευχαριστ κρατησατ δυσκολ ασβεστ φλογ ελληνισμ ορθοδοξ καρδι ιστορικ χιμαρ χιμαριωτ φιλ φιλ ιδιαιτερ συγκινημεν διν σημερ ευκαιρι πρωθυπουργ ελλαδ επισκεφτ δημο καλω ηρθατ δρομπολ χαραμεν ευκαιρθ ολοψηκ ξαναρθ καλωσορ καλα φιλ φιλ ευχαριστ καλ ηθελ βρεθ θυμηθ γεγον περα πλατει ακριβω πατερ καλυτερ ελληνικ εθνικ μειον γεφυρ φιλ μεταξ κρατ,138900,2757,46,113,89,76,140,2022,12,2022Q4,3005,2.163,1.985,1827.6,3,0,1.0,positive,ουδέτερο
7186310596546137350,2023-01-08,Οι συμπολίτες μας που επιλέγουν να ζήσουν στα ακριτικά μέρη της πατρί...,"Εδώ πέρα μένεις νεόλυμα στο πιο ωραίο μέρος μέσα. Να είσαι καλά, να είσαι καλά. Φεύγεις εσύ από εδώ, ε? Τι το πω, παιδί. Και ναι, το παιδί με εγώ έπαε. Γιατί δεν κάνω όσα χανιάζω. Εδώ είσαι καλύτερα. Μου όσο ελατρεύω σαν υποθυπουργό. Αλλά φεύγω και σαν παιδί. Να είσαι γερή. Να είσαι γερή. Α, εγκονός είναι. Πήρα κα",περα μεν νεολυμ ωραι μερ καλα καλα φευγ παιδ παιδ επαε οσα χανιαζ καλυτερ ελατρευ σαν υποθυπουργ φευγ σαν παιδ γερη γερη εγκον πηρα,432000,13600,471,1371,801,36,60,2023,1,2023Q1,16243,3.76,3.148,12000.0,3,0,1.0,positive,ουδέτερο
7186311967471144198,2023-01-08,#fyp #tiktokgreece ,"Κι εσύ να είσαι καλά εδώ, να βαθάς εσύ. Είμαστε δόχροι από εμάς. Να είστε καλά. Κυρία Δήμαρχε, κυρίες και κύριοι, με πολύ μεγάλη χαρά βρίσκομαι σήμερα αυτήν την σκουδαία μέρα και την ευθορροξία εδώ μαζί σας στη Δάμπο, στο νότιό το σημείο, όχι απλά της Ελλάδος, αλλά και ολόκληρη στις επιβούμα της Ευρώπης.",καλα βαθ δοχρ καλα κυρι δημαρχ κυρ κυρ μεγαλ χαρα βρισκομα σημερ σκουδαι ευθορροξι δαμπ νοτι σημει ελλαδ ολοκληρ επιβουμ ευρωπ,183900,4181,82,97,111,51,54,2023,1,2023Q1,4471,2.431,2.274,3605.9,3,0,1.0,positive,χαρά
